tv_adstock,youtube_adstock,facebook_adstock,search_adstock
7.18918134005627e-06,0.0001956526273392196,0.0003604796453087582,9.309625411010616e-05
